question,answer
Why won't my Microsoft Word document open?,"The document may be corrupted. Try opening the document on a different computer to see if it opens there. If it does, Microsoft Word will need to be repaired or reinstalled. If it doesn't, then the document is corrupted and needs restoring from a backup."
Why won't my Excel spreadsheet print?,"There could be several reasons why an Excel spreadsheet won't print, such as a printer connection issue, a problem with your printer drivers, or an issue with the Excel program itself. "
Why won't my attachment attach to my email in Outlook?,"There could be several reasons why an attachment won't attach to an email in Outlook, such as the file being too large, a problem with your internet connection, or an issue with Outlook itself. "
Why aren't my PowerPoint slides showing up in the slideshow view?,"There could be several reasons why your PowerPoint slides are not showing up in the slideshow view, such as a problem with the display settings, a compatibility issue with your version of PowerPoint, or an issue with the graphics card driver. "
Why am I getting an error message that my Excel file is in use by another user when I try to save it?,"There could be several reasons why you are getting an error message saying that your Excel file is in use by another user when you try to save it, such as a problem with the network connection, a user who has the file open, or a file permission issue. "
Why does Microsoft Word keep freezing and crashing?,"There could be several reasons why Microsoft Word keeps freezing and crashing, such as a problem with the document itself, a compatibility issue with your version of Word, or an issue with your computer's hardware. "
Why is my printer not responding when I try to print a Word document?,"There could be several reasons why your printer is not responding when you try to print a Word document, such as a problem with the printer driver, a communication issue between your computer and the printer, or a hardware issue with the printer. "
Why won't my Outlook email attachment open?,"There could be several reasons why your Outlook email attachment won't open, such as a corrupted file, a compatibility issue with your version of Outlook, or a problem with the security settings. "
Why won't my Outlook email send?,"There could be several reasons why your Outlook email won't send, such as a problem with your internet connection, a large file size, or a problem with the mail server. "
Why is my Excel chart not displaying the data correctly?,"There could be several reasons why your Excel chart is not displaying the data correctly, such as incorrect formatting of the data, incorrect chart type selection, or missing data. "
Why is the Save button grayed out in my PowerPoint presentation?,"There could be several reasons why the Save button is grayed out in your PowerPoint presentation, such as a problem with the file location, file permissions, or a corrupted file. "
Why is the audio and video not working properly in my Microsoft Teams virtual meeting?,"There could be several reasons why the audio and video are not working properly in your Microsoft Teams virtual meeting, such as a problem with your internet connection, outdated drivers, or incorrect settings. "
Why is my Microsoft Word document missing text or images when I print it?,"There could be several reasons why your Microsoft Word document is missing text or images when you print it, such as incorrect printer settings, a problem with the printer driver, or a corrupted file. "
Why is the 'New Slide' button grayed out in my PowerPoint presentation?,"There could be several reasons why the 'New Slide' button is grayed out in your PowerPoint presentation, such as a problem with the file, a corrupted file, or a problem with the slide master. "
Why is the text not printing correctly in my Word document?,"There could be several reasons why the text is not printing correctly in your Word document, such as incorrect printer settings, corrupted fonts, or outdated printer drivers. "
Why am I receiving an error message that says my Excel file is corrupt?,"There could be several reasons why you are receiving an error message that says your Excel file is corrupt, such as file system errors, viruses, or software crashes. "
Why does Microsoft PowerPoint keep crashing when I try to create a new presentation?,"There could be several reasons why Microsoft PowerPoint is crashing when you try to create a new presentation, such as outdated software, corrupted files, or insufficient memory. "
What could be causing my computer to run slow?,"There could be several reasons why your computer is running slow, such as too many programs running in the background, not enough free space on your hard drive, or a virus/malware infection. "
Why won't the website load?,"There could be several reasons why the website won't load, such as server downtime, internet connectivity issues, or the website is blocked by a firewall or antivirus software. "
Why is the printer not responding?,"There could be several reasons why the printer is not responding, such as a paper jam, low ink or toner levels, or connectivity issues. "
Why is there no sound when I try to play a video?,"There could be several reasons why there is no sound when you try to play a video, such as the volume being muted or turned down, incorrect audio settings, or outdated audio drivers. "
Why is my computer not connecting to the internet?,"There could be several reasons why your computer is not connecting to the internet, such as an issue with your modem or router, a misconfigured network adapter, or a problem with your internet service provider (ISP). "
Why is my computer displaying a blue screen with an error message?,"This is known as the 'blue screen of death' (BSOD) and it can be caused by several issues, such as hardware failures, driver issues, or software problems. "
Why can't I open this program on my computer?,"There could be several reasons why you are unable to open a program on your computer, such as a corrupt file, compatibility issues, or insufficient permissions. "
Why is my computer making loud noises?,"There could be several reasons why your computer is making loud noises, such as a malfunctioning fan, a failing hard drive, or a loose component. "
Why is my computer running slow?,"There could be several reasons why your computer is running slow, such as too many programs running at once, a lack of available RAM or storage space, or a virus or malware infection. "
Why is my computer not recognizing this connected device?,"There could be several reasons why your computer is not recognizing a connected device, such as a faulty connection, outdated drivers, or compatibility issues. "
Why is my computer not playing sound?,"There could be several reasons why your computer is not playing sound, such as muted speakers, outdated drivers, or incorrect audio settings. "
Why is my computer not responding to keyboard or mouse input?,"There could be several reasons why your computer is not responding to keyboard or mouse input, such as a loose connection, outdated drivers, or a software issue. "
